City_ID,City,Lat,Lng,Max Temp,Humidity,Cloudiness,Wind Speed,Country,Date
0,olonkinbyen,70.9221,-8.7187,-0.16,92,98,4.2,SJ,1683818797
1,keflavik,64.0049,-22.5624,9.95,87,100,10.29,IS,1683818798
2,vorkuta,67.5,64.0,-3.79,94,100,1.65,RU,1683818819
3,nagqu,31.5,92.0,-5.0,81,100,1.43,CN,1683818912
4,lubango,-14.9172,13.4925,25.92,24,20,3.09,AO,1683819157
5,karabaglar,38.374,27.1352,21.35,56,75,8.23,TR,1683819157
6,khvansar,33.2205,50.315,18.16,18,94,3.13,IR,1683819157
7,saipan,15.1355,145.701,27.39,100,40,4.92,MP,1683818816
8,glace bay,46.1969,-59.957,14.07,27,0,0.0,CA,1683818887
9,aasiaat,68.7098,-52.8699,-3.1,78,100,2.34,GL,1683818794
10,crane,31.3974,-102.3501,23.15,14,0,6.43,US,1683818786
11,ushuaia,-54.8,-68.3,6.81,76,0,1.54,AR,1683818496
12,wanning,18.8003,110.3967,25.3,91,97,1.18,CN,1683819158
13,port alfred,-33.5906,26.891,18.43,82,87,2.24,ZA,1683818782
14,adamstown,-25.066,-130.1015,21.53,55,91,9.2,PN,1683818774
15,invercargill,-46.4,168.35,8.34,95,84,1.34,NZ,1683818845
16,visp,46.2937,7.8815,16.9,86,97,2.04,CH,1683819159
17,puerto natales,-51.7236,-72.4875,9.25,76,75,0.51,CL,1683818767
18,atafu village,-8.5421,-172.5159,28.83,76,13,6.52,TK,1683818781
19,margaret river,-33.95,115.0667,11.76,68,15,2.4,AU,1683818801
20,tiksi,71.6872,128.8694,-11.31,79,84,12.02,RU,1683818583
21,smithers,54.7804,-127.1743,7.18,65,40,1.54,CA,1683819023
22,mili,6.0815,171.735,28.22,79,100,6.86,MH,1683819161
23,okahao,-17.885,15.0667,28.75,20,78,2.09,NA,1683819161
24,bethel,41.3712,-73.414,23.64,38,0,3.09,US,1683818520
25,port-aux-francais,-49.35,70.2167,7.58,92,100,17.92,TF,1683819162
26,vuktyl,63.8567,57.3094,2.07,81,76,2.93,RU,1683819162
27,verkhnevilyuysk,63.4453,120.3167,-1.99,75,67,1.59,RU,1683819162
28,ilulissat,69.2167,-51.1,-1.99,69,75,7.2,GL,1683818569
29,papao,-17.75,-149.55,25.82,92,100,15.14,PF,1683819161
30,kodiak,57.79,-152.4072,4.73,93,100,4.12,US,1683818815
31,kupang,-10.1667,123.5833,25.26,78,85,6.54,ID,1683819162
32,meulaboh,4.1363,96.1285,27.16,85,100,3.31,ID,1683818782
33,shimoda,34.6667,138.95,11.72,81,60,5.15,JP,1683819163
34,cidreira,-30.1811,-50.2056,18.01,63,63,6.64,BR,1683819163
35,waitangi,-43.9535,-176.5597,10.96,57,89,10.39,NZ,1683818767
36,orchard homes,46.8633,-114.0484,12.44,72,0,0.89,US,1683819164
37,kapa'a,22.0752,-159.319,23.18,89,75,4.63,US,1683819164
38,chissamba,-12.1667,17.3333,21.91,45,0,1.14,AO,1683819164
39,deschutes river woods,43.9915,-121.3584,11.71,69,80,0.89,US,1683819165
40,guiuan,11.0333,125.7247,28.17,80,100,4.99,PH,1683819165
41,petropavlivka,48.4564,36.4367,12.75,64,68,3.52,UA,1683819165
42,san antonio de pale,-1.4014,5.6325,27.9,79,100,5.98,GQ,1683818800
43,thompson,55.7435,-97.8558,13.09,67,40,2.06,CA,1683818785
44,jiaojiang,28.6803,121.4428,17.22,63,100,0.72,CN,1683819166
45,inarajan village,13.2736,144.7484,27.54,95,40,2.51,GU,1683819166
46,blackmans bay,-43.0167,147.3167,8.62,86,99,2.73,AU,1683818775
47,edinburgh of the seven seas,-37.0676,-12.3116,16.37,75,78,10.45,SH,1683819166
48,selfoss,63.9331,-20.9971,9.47,86,100,5.84,IS,1683819167
49,arraial do cabo,-22.9661,-42.0278,24.92,61,75,2.57,BR,1683818880
50,hinatuan,8.3722,126.3342,25.97,88,100,1.01,PH,1683819167
51,sault ste. marie,46.5168,-84.3333,19.16,59,40,2.06,CA,1683819081
52,enewetak,11.3474,162.3373,27.46,84,100,6.83,MH,1683818774
53,polyarnyy,69.1989,33.4478,4.16,99,100,2.27,RU,1683818802
54,ribeira grande,38.5167,-28.7,20.22,68,20,6.26,PT,1683818795
55,vorgashor,67.5833,63.95,-3.9,94,100,1.69,RU,1683818793
56,port saint john's,-31.6229,29.5448,22.38,79,7,5.42,ZA,1683818678
57,talnakh,69.4865,88.3972,-14.33,84,19,6.26,RU,1683818862
58,portland,45.5234,-122.6762,15.02,79,20,2.06,US,1683818333
59,wailua homesteads,22.0669,-159.378,22.44,89,75,4.63,US,1683818778
60,isparta,38.0,31.0,14.67,71,100,1.56,TR,1683819169
61,flying fish cove,-10.4217,105.6791,26.82,94,100,6.69,CX,1683818839
62,hawaiian paradise park,19.5933,-154.9731,20.73,88,75,2.57,US,1683818498
63,bredasdorp,-34.5322,20.0403,13.7,69,100,4.65,ZA,1683818801
64,ancud,-41.8697,-73.8203,13.63,92,100,3.32,CL,1683818718
65,valparaiso,-33.0393,-71.6273,26.13,31,0,4.12,CL,1683818945
66,cold lake,54.4502,-110.2017,13.97,58,20,1.54,CA,1683818822
67,arrifes,37.7667,-25.7,17.14,82,75,8.23,PT,1683819170
68,cerro gordo,43.0833,-93.2669,21.9,94,100,4.12,US,1683819170
69,labasa,-16.4167,179.3833,24.3,93,23,2.46,FJ,1683819171
70,praia da vitoria,38.7333,-27.0667,19.86,82,75,6.37,PT,1683818811
71,punta arenas,-53.15,-70.9167,8.06,71,75,3.09,CL,1683818794
72,eastham,41.8301,-69.9739,21.71,55,0,4.12,US,1683819171
73,port lincoln,-34.7333,135.8667,15.63,72,100,5.52,AU,1683818774
74,mamuju,-2.6748,118.8885,26.14,86,100,2.22,ID,1683819172
75,kapuskasing,49.4169,-82.4331,19.05,48,100,4.12,CA,1683819011
76,iqaluit,63.7506,-68.5145,-4.15,73,20,5.14,CA,1683818773
77,grytviken,-54.2811,-36.5092,-1.79,76,41,4.6,GS,1683818778
78,saint joseph,39.7686,-94.8466,20.87,88,100,5.14,US,1683819024
79,buala,-8.145,159.5921,27.26,85,100,2.97,SB,1683819173
80,bel ombre,-4.6167,55.4167,27.91,74,20,4.12,SC,1683819173
81,hermanus,-34.4187,19.2345,12.67,69,100,4.84,ZA,1683818818
82,argo,37.6333,22.7333,18.21,74,100,2.36,GR,1683818770
83,grand baie,-20.0182,57.5802,26.26,70,81,1.34,MU,1683819174
84,pervomayskoye,43.919,46.7102,12.33,71,93,3.66,RU,1683819174
85,albany,42.6001,-73.9662,22.02,39,0,0.89,US,1683818562
86,san julian,21.0167,-102.1667,23.51,16,1,4.54,MX,1683819174
87,aykhal,66.0,111.5,-0.83,94,100,11.39,RU,1683818768
88,newman,37.3138,-121.0208,14.38,77,0,1.79,US,1683818799
89,yellowknife,62.456,-114.3525,13.29,41,40,5.66,CA,1683818514
90,bandipura,34.4167,74.65,11.3,48,100,4.6,IN,1683819175
91,dakhla,23.6848,-15.958,23.01,68,83,12.86,EH,1683819175
92,haiku-pauwela,20.9219,-156.3051,21.13,88,0,3.09,US,1683819176
93,anadyr,64.75,177.4833,-3.72,86,0,3.0,RU,1683818560
94,dudinka,69.4058,86.1778,-14.1,89,19,5.79,RU,1683818817
95,papatowai,-46.5619,169.4708,10.66,89,89,6.77,NZ,1683818766
96,tazovsky,67.4667,78.7,-14.03,96,66,3.25,RU,1683818796
97,mbanza-ngungu,-5.25,14.8667,26.25,72,8,1.3,CD,1683819177
98,udachny,66.4167,112.4,0.25,80,100,8.89,RU,1683818859
99,fonte boa,-2.4959,-66.2662,22.72,99,100,0.22,BR,1683819177
100,new norfolk,-42.7826,147.0587,9.28,72,96,1.7,AU,1683818795
101,harstad,68.799,16.5293,7.86,99,100,6.26,NO,1683819178
102,ta`u,-14.2336,-169.5144,27.28,77,30,5.15,AS,1683818859
103,hamilton,39.1834,-84.5333,24.23,49,0,3.6,US,1683818801
104,port augusta,-32.5,137.7667,13.56,48,48,2.63,AU,1683818773
105,walvis bay,-22.9575,14.5053,18.53,72,0,4.12,NA,1683819178
106,college,64.8569,-147.8028,8.22,61,75,0.45,US,1683818772
107,longyearbyen,78.2186,15.6401,-1.09,80,75,7.72,SJ,1683818785
108,katsuura,35.1333,140.3,15.09,65,99,2.83,JP,1683818914
109,sungai penuh,-2.0833,101.3833,19.28,97,97,1.82,ID,1683819179
110,karratha,-20.7377,116.8463,23.76,51,13,2.91,AU,1683819179
111,bandar abbas,27.1865,56.2808,35.99,23,84,3.09,IR,1683819127
112,mezhdurechenskiy,59.6,65.9333,5.76,47,90,1.94,RU,1683819180
113,kavieng,-2.5744,150.7967,27.98,76,95,1.01,PG,1683819180
114,varzea da palma,-17.5981,-44.7308,32.88,30,30,1.65,BR,1683819180
115,saint-francois,46.4154,3.9054,14.69,77,75,6.17,FR,1683818881
116,pangkalanbuun,-2.6833,111.6167,25.43,90,38,0.81,ID,1683819181
117,cabo san lucas,22.8909,-109.9124,27.17,22,0,5.14,MX,1683819181
118,galliano,29.4422,-90.2992,29.0,74,100,4.63,US,1683819181
119,mazara del vallo,37.6641,12.588,21.97,71,8,4.78,IT,1683819182
120,treasure island,27.7692,-82.769,31.71,63,0,4.63,US,1683819116
121,arochukwu,5.3898,7.914,30.38,67,78,2.6,NG,1683819182
122,selkirk,50.1436,-96.8845,18.93,69,43,1.34,CA,1683819182
123,sumberpucung,-8.1586,112.4829,23.22,97,100,1.2,ID,1683819183
124,damghan,36.1683,54.348,25.27,22,45,1.87,IR,1683819183
125,meadow lake,34.8014,-106.5436,16.38,29,1,7.48,US,1683819183
126,ryotsu-minato,38.0833,138.4333,10.06,73,0,1.73,JP,1683819184
127,port elizabeth,-33.918,25.5701,20.16,80,40,9.77,ZA,1683818820
128,payerne,46.822,6.9361,14.84,66,75,5.66,CH,1683819184
129,jamestown,42.097,-79.2353,20.77,42,0,3.09,US,1683818832
130,petropavlovsk-kamchatsky,53.0452,158.6483,0.33,100,100,3.0,RU,1683818831
131,ingeniero guillermo n. juarez,-23.9,-61.85,25.41,36,0,2.01,AR,1683819185
132,muisne,0.6,-80.0333,28.98,75,86,1.11,EC,1683819185
133,uturoa,-16.7333,-151.4333,27.06,79,100,8.57,PF,1683818868
134,sitka,57.0531,-135.33,10.94,58,75,5.14,US,1683818604
135,mateur,37.0405,9.6656,22.79,45,24,6.24,TN,1683819186
136,shaowu,27.3409,117.4831,17.07,96,100,1.21,CN,1683819186
137,taroa,8.7058,171.2275,27.68,80,76,6.98,MH,1683818820
138,puerto ayora,-0.7393,-90.3518,27.98,100,74,2.24,EC,1683818799
139,fukuecho,32.6881,128.8419,17.42,74,69,1.13,JP,1683818771
140,hastings,50.8552,0.5729,16.29,79,26,3.73,GB,1683819058
141,lata,40.1629,-8.3327,25.27,37,0,4.92,PT,1683818593
142,orangeville,43.9168,-80.0997,22.94,60,78,2.45,CA,1683819187
143,tame,6.461,-71.73,28.04,68,98,2.24,CO,1683819187
144,napier,-39.4833,176.9167,7.93,74,49,1.79,NZ,1683818796
145,grand falls-windsor,48.9332,-55.6649,12.5,38,13,3.58,CA,1683819188
146,malango,-2.9627,119.9001,20.59,99,100,0.99,ID,1683818875
147,bilibino,68.0546,166.4372,-3.74,94,96,0.33,RU,1683818775
148,itaugua,-25.3833,-57.3333,23.66,42,0,2.39,PY,1683819189
149,badger,64.8,-147.5333,8.17,64,75,0.0,US,1683818773
150,tete,-16.1564,33.5867,30.05,42,20,1.54,MZ,1683818879
151,qaqortoq,60.7167,-46.0333,2.83,85,100,1.89,GL,1683818830
152,tolanaro,-25.0319,46.9987,25.04,78,40,7.2,MG,1683818779
153,nizhniye sergi,56.6614,59.3033,7.4,80,61,2.81,RU,1683819190
154,brookings,44.3114,-96.7984,19.58,92,75,3.09,US,1683819159
155,araxa,-19.5933,-46.9406,23.98,73,20,1.03,BR,1683819190
156,avarua,-21.2078,-159.775,25.03,69,75,4.63,CK,1683818555
157,dunedin,-45.8742,170.5036,11.0,82,99,4.92,NZ,1683818739
158,queenstown,-31.8976,26.8753,21.69,22,26,2.9,ZA,1683818620
159,christchurch,-43.5333,172.6333,8.11,67,100,3.09,NZ,1683818524
160,trincomalee,8.5711,81.2335,28.27,78,100,9.0,LK,1683818843
161,flin flon,54.7682,-101.865,16.91,51,0,2.57,CA,1683818829
162,kavaratti,10.5669,72.642,29.6,71,65,2.02,IN,1683819191
163,phayuha khiri,15.4553,100.1353,32.83,51,83,0.24,TH,1683819191
164,belleville,44.1788,-77.3705,22.07,55,40,2.57,CA,1683818953
165,palembang,-2.9167,104.7458,27.05,94,40,0.0,ID,1683819192
166,isla mujeres,21.2311,-86.731,30.09,78,88,6.15,MX,1683819192
167,nemuro,43.3236,145.575,3.3,83,27,5.59,JP,1683818818
168,broome,42.2506,-75.833,21.37,47,0,2.24,US,1683818606
169,henderson,36.0397,-114.9819,23.37,26,0,1.54,US,1683818989
170,spas-demensk,54.4122,34.0226,13.38,65,52,1.72,RU,1683819193
171,tura,25.5198,90.2201,27.02,44,11,1.73,IN,1683818781
172,sombor,45.7742,19.1122,12.95,89,100,8.14,RS,1683819194
173,georgetown,5.4112,100.3354,31.97,80,20,1.54,MY,1683818770
174,stanley,54.868,-1.6985,14.74,73,20,3.6,GB,1683818785
175,revda,56.801,59.9303,9.1,67,79,2.93,RU,1683818775
176,miguel calmon,-11.4289,-40.595,31.29,40,69,1.49,BR,1683819195
177,nar'yan-mar,67.6713,53.087,0.62,95,100,5.89,RU,1683818496
178,zaozersk,69.4005,32.4476,4.11,100,100,2.3,RU,1683818691
179,tarko-sale,64.9225,77.785,-9.46,88,35,5.62,RU,1683819195
180,pontianak,-0.0333,109.3333,27.99,88,20,0.0,ID,1683819191
181,fortuna,40.5982,-124.1573,12.59,91,75,0.0,US,1683818781
182,conception bay south,47.4999,-52.9981,11.69,48,9,5.09,CA,1683818951
183,opuwo,-18.0607,13.84,31.28,15,68,4.07,NA,1683818796
184,holualoa,19.6228,-155.9522,21.91,79,0,2.68,US,1683818904
185,sikasso,10.9167,-7.0,41.67,12,90,1.9,ML,1683819197
186,zhosaly,45.4878,64.0781,28.23,22,100,3.93,KZ,1683819197
187,aldinga beach,-35.2793,138.4604,15.93,71,98,1.27,AU,1683819197
188,kailua-kona,19.6406,-155.9956,23.98,79,0,2.68,US,1683818777
189,tortoli,39.9256,9.6572,21.03,46,22,3.33,IT,1683819198
190,sitia,35.2,26.0986,19.43,88,100,6.21,GR,1683819198
191,yaroslavskaya,44.6106,40.4642,9.88,82,95,0.64,RU,1683819198
192,saint-gaudens,43.0833,0.6667,12.79,74,59,4.12,FR,1683819198
193,pathein,16.7833,94.7333,26.89,84,100,0.31,MM,1683819191
194,klyuchi,52.2667,79.1667,16.91,45,3,7.55,RU,1683818713
195,guerrero negro,27.9769,-114.0611,15.41,71,100,8.96,MX,1683818753
196,bodo,67.28,14.405,8.02,98,75,5.14,NO,1683819199
197,hithadhoo,-0.6,73.0833,28.62,77,91,6.15,MV,1683818771
198,peterhead,57.5058,-1.7981,12.47,93,97,4.25,GB,1683819155
199,kirawsk,53.2686,29.4736,14.83,59,57,2.58,BY,1683819200
200,balqash,46.8481,74.995,21.0,31,90,2.29,KZ,1683819200
201,sisimiut,66.9395,-53.6735,-1.24,75,100,4.75,GL,1683818831
202,gao,16.6362,1.637,41.68,6,87,1.39,ML,1683819201
203,buckie,57.6757,-2.9624,10.58,89,100,3.89,GB,1683819201
204,kilmore,-37.3,144.95,9.31,76,10,1.49,AU,1683819202
205,iskateley,67.6803,53.1512,0.66,94,100,5.76,RU,1683818802
206,rikaze,29.25,88.8833,8.19,32,100,5.22,CN,1683818810
207,caleta de carquin,-11.0925,-77.6267,22.92,78,96,3.4,PE,1683818852
208,shihezi,44.3,86.0333,22.71,13,56,2.92,CN,1683819203
209,richards bay,-28.783,32.0377,22.58,77,0,4.73,ZA,1683818784
210,tanjung pinang,0.9167,104.45,28.02,78,7,3.05,ID,1683819203
211,loboc,9.6383,124.0348,27.02,84,100,2.1,PH,1683819203
212,baganga,7.5739,126.56,26.1,89,97,1.72,PH,1683819204
213,usogorsk,63.4106,48.6872,8.98,92,100,2.13,RU,1683819204
214,hunt valley,39.4998,-76.6411,25.21,49,26,2.68,US,1683819031
215,khandyga,62.6667,135.6,0.95,99,100,0.65,RU,1683819204
216,yuzhno-kurilsk,44.0306,145.8556,2.71,86,13,4.8,RU,1683819205
217,huarmey,-10.0681,-78.1522,23.93,78,87,3.07,PE,1683818525
218,mahina,-17.5065,-149.489,25.87,73,75,6.17,PF,1683818861
219,gassol,8.5333,10.4667,39.66,25,42,0.83,NG,1683819205
220,quellon,-43.1167,-73.6167,12.14,100,100,0.51,CL,1683818867
221,vilhena,-12.7406,-60.1458,26.12,73,20,3.09,BR,1683819197
222,inirida,3.8653,-67.9239,26.18,83,94,0.96,CO,1683819206
223,ocumare del tuy,10.1165,-66.7761,33.39,40,84,2.09,VE,1683819206
224,qandala,11.472,49.8728,29.09,70,100,1.75,SO,1683819207
225,touros,-5.1989,-35.4608,29.97,59,26,5.36,BR,1683818769
226,chimoio,-19.1164,33.4833,23.92,73,20,2.08,MZ,1683818869
227,pita,10.8333,-12.5833,34.81,37,90,0.81,GN,1683819207
228,pitimbu,-7.4706,-34.8086,31.33,65,58,3.81,BR,1683819208
229,anjangaon,21.1631,77.3094,36.09,10,49,2.79,IN,1683819208
230,thames,-37.1333,175.5333,6.26,93,22,2.43,NZ,1683819208
231,fale old settlement,-9.3852,-171.2468,28.63,78,16,6.59,TK,1683818792
232,cockburn town,21.4612,-71.1419,26.85,76,90,5.1,TC,1683819208
233,san vicente de canete,-13.0751,-76.3835,23.02,72,100,2.95,PE,1683819209
234,neftcala,39.3742,49.2472,17.9,80,12,7.22,AZ,1683819209
235,aioun,16.6614,-9.6149,42.15,6,63,3.54,MR,1683818871
236,ocean shores,46.9737,-124.1563,13.34,86,0,1.54,US,1683819210
237,st. john's,47.5649,-52.7093,11.82,46,40,9.77,CA,1683818758
238,alpena,45.0617,-83.4327,25.96,43,20,3.58,US,1683819210
239,antofagasta,-23.65,-70.4,19.6,64,34,2.41,CL,1683818976
240,acarau,-2.8856,-40.12,29.21,72,66,3.65,BR,1683819211
241,tadmur,34.5608,38.2805,33.08,11,30,4.87,SY,1683819211
242,whangarei,-35.7317,174.3239,11.04,75,41,4.18,NZ,1683819211
243,mermoz boabab,14.7065,-17.4758,31.31,73,40,7.2,SN,1683819212
244,kourou,5.1552,-52.6478,26.03,81,76,2.56,GF,1683818799
245,gebeit,21.0667,36.3167,32.99,14,0,6.27,SD,1683819212
246,labrador city,52.9463,-66.9114,7.95,29,40,2.57,CA,1683819016
247,bamboo flat,11.7,92.7167,29.05,79,100,3.6,IN,1683819213
248,choibalsan,48.0667,114.5,10.16,76,100,7.39,MN,1683819213
249,mokhsogollokh,61.4681,128.9203,-1.51,71,100,2.45,RU,1683819213
250,okhotsk,59.3833,143.3,-0.23,90,95,1.69,RU,1683818866
251,ciudad lazaro cardenas,17.9583,-102.2,28.77,64,100,1.52,MX,1683818890
252,siniscola,40.5719,9.6922,21.75,43,6,6.17,IT,1683819214
253,chonchi,-42.6128,-73.8092,15.07,90,100,0.99,CL,1683818829
254,port mathurin,-19.6833,63.4167,25.77,75,90,9.24,MU,1683818821
255,ende,-8.8432,121.6623,25.86,88,90,4.52,ID,1683819214
256,kill devil hills,36.0307,-75.676,22.01,49,0,1.54,US,1683819214
257,champerico,14.3,-91.9167,30.3,65,5,2.5,GT,1683818811
258,trinidad,-14.8333,-64.9,25.99,69,75,5.14,BO,1683819215
259,nizhniy kuranakh,58.8353,125.4869,-0.68,98,100,3.57,RU,1683819215
260,riohacha,11.5444,-72.9072,33.06,55,20,6.17,CO,1683819144
261,fortuna foothills,32.6578,-114.4119,24.01,40,0,1.54,US,1683819215
262,taltal,-25.4,-70.4833,18.96,73,19,1.43,CL,1683818838
263,jiujiang,29.7333,115.9833,16.94,84,96,1.73,CN,1683819216
264,guacui,-20.7756,-41.6794,23.11,81,92,0.72,BR,1683819216
265,vilyuchinsk,52.9306,158.4028,1.15,94,100,5.29,RU,1683818839
266,isafjordur,66.0755,-23.124,8.02,81,40,5.14,IS,1683818776
267,volodarskiy,46.4013,48.5409,12.97,70,82,3.72,RU,1683819217
268,sumbe,-11.2061,13.8437,27.99,76,3,4.24,AO,1683819217
269,kabinda,-6.1333,24.4833,29.17,48,65,1.12,CD,1683818784
270,west island,-12.1568,96.8225,28.99,84,75,5.14,CC,1683818495
271,ouadda,8.0777,22.4007,29.58,48,80,2.15,CF,1683819217
272,brady,31.1352,-99.3351,29.18,65,20,5.66,US,1683819218
273,olinda,-8.0089,-34.8553,29.85,58,40,3.09,BR,1683819218
274,tanjung pandan,-2.75,107.65,25.95,89,78,2.5,ID,1683819218
275,pangody,65.85,74.4859,-10.63,93,26,3.27,RU,1683818889
276,escanaba,45.7453,-87.0646,21.81,67,0,5.66,US,1683819218
277,banff,51.1762,-115.5698,7.57,81,75,2.57,CA,1683819132
278,kangaba,11.9333,-8.4167,42.08,6,100,3.22,ML,1683819219
279,cartagena,10.3997,-75.5144,30.79,74,20,5.66,CO,1683818838
280,salinopolis,-0.6136,-47.3561,29.0,69,84,3.51,BR,1683819219
281,tralee,52.2704,-9.7026,13.14,82,100,6.69,IE,1683818783
282,inari,68.906,27.0288,14.11,90,100,2.94,FI,1683818875
283,axim,4.8699,-2.2405,29.63,71,100,3.8,GH,1683819220
284,mount pearl,47.5166,-52.7813,11.36,46,40,9.77,CA,1683819220
285,bayramaly,37.6185,62.1671,26.86,34,1,3.81,TM,1683819220
286,santa ana de yacuma,-13.75,-65.4333,25.97,69,75,6.17,BO,1683819221
287,kvissleby,62.2936,17.375,15.91,38,11,3.52,SE,1683819221
288,yeniseysk,58.4497,92.1703,5.69,58,97,1.1,RU,1683819221
289,luwingu,-10.2621,29.9271,19.51,67,99,1.66,ZM,1683819221
290,ust-nera,64.5667,143.2,0.44,87,99,2.65,RU,1683818503
291,sinabang,2.4803,96.3801,27.7,85,100,4.4,ID,1683819222
292,andilamena,-17.0167,48.5833,17.36,90,41,2.72,MG,1683819222
293,eirunepe,-6.6603,-69.8736,31.81,50,81,1.64,BR,1683819222
294,santa vitoria do palmar,-33.5189,-53.3681,17.56,57,60,3.57,BR,1683819222
295,phayao,19.25,100.25,25.79,91,69,1.42,TH,1683819223
296,ormara,25.2088,64.6357,28.83,73,0,7.06,PK,1683819223
297,undurkhaan,47.3194,110.6556,7.42,55,53,7.41,MN,1683819223
298,mount gambier,-37.8333,140.7667,10.27,90,100,2.2,AU,1683818797
299,smara,26.7384,-11.6719,37.9,13,87,6.91,EH,1683819223
300,colby,39.3958,-101.0524,16.11,83,100,7.15,US,1683819224
301,aral,40.5156,81.2636,22.55,5,14,4.02,CN,1683818799
302,dusti,37.3481,68.664,27.72,20,100,0.83,TJ,1683819224
303,kralendijk,12.15,-68.2667,29.99,66,75,7.72,BQ,1683819224
304,westport,41.1415,-73.3579,25.37,38,1,1.34,US,1683819224
305,cole harbour,44.6724,-63.4751,18.66,58,75,4.12,CA,1683819020
306,ternate,0.8,127.4,28.05,77,100,1.11,ID,1683819225
307,mount isa,-20.7333,139.5,14.87,38,0,2.06,AU,1683819225
308,tharangambadi,11.0319,79.8528,29.68,81,100,7.97,IN,1683819225
309,imperatriz,-5.5264,-47.4917,30.03,79,40,3.09,BR,1683819226
310,yumbe,3.4651,31.2469,22.79,80,98,1.48,UG,1683819226
311,acajutla,13.5928,-89.8275,29.78,65,7,2.16,SV,1683818887
312,lodja,-3.4833,23.4333,26.32,67,100,1.04,CD,1683819226
313,eyl,7.9803,49.8164,28.25,78,100,7.75,SO,1683819227
314,rheinsberg,53.0997,12.8989,17.17,58,100,3.49,DE,1683819227
315,robit,12.0167,39.6333,23.03,64,60,0.18,ET,1683819227
316,lompoc,34.6391,-120.4579,13.8,78,70,4.47,US,1683818513
317,colonia,50.9333,6.95,18.31,70,75,4.12,DE,1683818751
318,sur,22.5667,59.5289,32.82,42,0,0.92,OM,1683819067
319,barentu,15.1139,37.5928,34.08,10,64,4.08,ER,1683819228
320,constantia,44.1833,28.65,13.38,63,56,5.15,RO,1683818776
321,keokuk,40.3973,-91.3849,22.37,78,20,3.6,US,1683819229
322,carnarvon,-24.8667,113.6333,22.18,66,0,8.26,AU,1683818801
323,weno,7.4515,151.8468,28.58,77,97,3.27,FM,1683818890
324,boulder city,35.9786,-114.8325,22.37,24,0,1.36,US,1683819229
325,north side,19.35,-81.2,30.04,70,40,6.69,KY,1683819229
326,pandan,14.0453,124.1694,26.86,81,28,2.99,PH,1683818877
327,sao felix do xingu,-6.6447,-51.995,32.42,48,83,0.69,BR,1683818592
328,zakamensk,50.3741,103.2863,0.31,74,5,1.05,RU,1683819230
329,whitehorse,60.7161,-135.0538,8.23,55,75,5.66,CA,1683819230
330,benghazi,32.1167,20.0667,21.18,68,7,8.1,LY,1683818985
331,bandarbeyla,9.4942,50.8122,27.66,82,100,9.58,SO,1683819231
332,remire-montjoly,4.9167,-52.2667,26.02,89,75,4.12,GF,1683818802
333,arkhangel'sk,64.5401,40.5433,13.02,54,100,3.71,RU,1683818823
334,degache,33.9761,8.2081,33.18,21,40,6.17,TN,1683819231
335,nishinoomote,30.7333,131.0,20.34,60,13,2.01,JP,1683819232
336,hami,42.8,93.45,22.35,11,0,0.2,CN,1683818857
337,yarmouth,41.7057,-70.2286,24.8,56,0,4.12,US,1683819232
338,hirara,24.8,125.2833,21.92,78,75,2.57,JP,1683819232
339,susuman,62.7833,148.1667,-0.87,89,93,1.56,RU,1683818778
340,bhamo,24.2667,97.2333,26.05,53,100,0.46,MM,1683819232
341,punta del este,-34.9667,-54.95,16.06,83,75,4.47,UY,1683818956
342,ust'-ilimsk,58.0006,102.6619,3.08,60,100,2.43,RU,1683819233
343,naama,33.2667,-0.3167,28.63,14,19,6.54,DZ,1683819233
344,ibotirama,-12.1853,-43.2206,34.85,31,93,0.95,BR,1683819027
345,carbonear,47.7332,-53.2148,12.08,51,12,5.48,CA,1683818815
346,kasane,-17.8167,25.15,29.05,24,20,3.09,BW,1683819234
347,sligo,54.2697,-8.4694,13.96,77,75,6.17,IE,1683819234
348,hammerfest,70.6634,23.6821,9.25,81,75,1.54,NO,1683818796
349,brisas de zicatela,15.8369,-97.0419,30.29,74,0,1.54,MX,1683818879
350,fort st. john,56.2499,-120.8529,10.94,66,75,2.06,CA,1683818817
351,barmer,25.75,71.3833,35.23,14,0,5.26,IN,1683819235
352,coos bay,43.3665,-124.2179,13.51,81,100,2.06,US,1683819235
353,ojai,34.4481,-119.2429,16.27,81,0,1.85,US,1683819235
354,pisco,-13.7,-76.2167,21.03,83,100,2.06,PE,1683818695
355,zell am see,47.3256,12.7944,8.89,39,100,0.27,AT,1683819236
356,rongelap,11.1635,166.8941,27.5,83,100,6.86,MH,1683819236
357,kayangel,8.0823,134.7173,28.91,71,93,1.32,PW,1683818871
358,zabaykal'sk,49.6333,117.3167,11.98,65,100,3.03,RU,1683819236
359,joetsu,37.1483,138.2364,7.84,83,0,2.62,JP,1683819237
360,ponta delgada,37.7333,-25.6667,18.4,82,75,8.23,PT,1683819152
361,crucecita,-28.95,-58.9833,19.57,50,100,2.45,AR,1683819237
362,peniche,39.3558,-9.3811,21.27,71,0,12.28,PT,1683819196
363,san patricio,28.017,-97.5169,28.92,78,57,7.09,US,1683818639
364,altamira,-3.2033,-52.2064,30.05,74,75,2.57,BR,1683819238
365,dokkum,53.3222,5.997,16.65,88,100,5.66,NL,1683818886
366,bayanhongor,46.7167,100.1167,3.62,38,3,1.65,MN,1683819238
367,ulladulla,-35.35,150.4667,11.68,75,0,2.87,AU,1683819239
368,san andres,12.5847,-81.7006,30.01,74,75,5.66,CO,1683819047
369,nantucket,41.2835,-70.0995,21.16,55,0,6.17,US,1683818802
370,aras-asan,8.8908,126.3033,26.08,83,100,1.33,PH,1683819239
371,san pedro pochutla,15.7333,-96.4667,31.51,53,42,3.91,MX,1683819239
372,gulf shores,30.246,-87.7008,28.49,67,40,5.14,US,1683819240
373,fort bragg,35.139,-79.006,25.67,53,49,0.89,US,1683818888
374,puerto aysen,-45.4,-72.7,13.83,87,98,1.93,CL,1683819240
375,bonthe,7.5264,-12.505,29.76,66,100,4.61,SL,1683819240
376,gadzhiyevo,69.2551,33.3362,3.5,100,100,2.51,RU,1683818872
377,bhadasar,28.2833,74.3167,35.66,9,1,2.75,IN,1683819241
378,sesheke,-17.4759,24.2968,23.95,25,0,1.92,ZM,1683819246
379,afzalpur,17.2,76.35,36.12,30,99,5.55,IN,1683819246
380,mikhaylovka,50.06,43.2379,10.99,77,78,4.38,RU,1683819246
381,kingston,17.997,-76.7936,31.8,60,0,1.79,JM,1683818570
382,zemio,5.0314,25.1361,28.96,52,82,2.44,CF,1683819247
383,apolda,51.0167,11.5,18.08,75,97,0.45,DE,1683819247
384,sao sepe,-30.1606,-53.5653,16.6,52,44,2.18,BR,1683819247
385,mitu,1.1983,-70.1733,22.3,98,100,0.6,CO,1683819248
386,okha,53.5739,142.9478,-2.37,95,44,0.92,RU,1683818838
387,takoradi,4.8845,-1.7554,30.07,71,100,4.97,GH,1683818812
388,ouani,-12.1322,44.4258,27.16,72,11,1.46,KM,1683819248
389,buenaventura,3.8801,-77.0312,30.81,66,53,1.99,CO,1683819248
390,macclenny,30.2822,-82.1221,28.88,75,83,0.45,US,1683819249
391,quthing,-30.4,27.7003,13.97,43,2,0.64,LS,1683819249
392,ron,15.6667,75.7333,30.33,59,99,7.99,IN,1683819249
393,celina,40.5489,-84.5702,23.15,56,97,3.35,US,1683818995
394,bintulu,3.1667,113.0333,27.23,94,20,1.03,MY,1683819250
395,addiet canna,11.2667,37.4833,20.45,49,99,4.46,ET,1683819250
396,nogliki,51.8333,143.1667,0.33,95,100,2.13,RU,1683818874
397,fisterra,42.9049,-9.2629,19.86,66,1,8.32,ES,1683818868
398,beitbridge,-22.2167,30.0,24.39,36,0,1.76,ZW,1683819250
399,vadso,70.0744,29.7487,9.49,76,75,3.09,NO,1683818849
400,savanna-la-mar,18.219,-78.1332,29.97,49,3,2.05,JM,1683819251
401,tekeli,44.83,78.8239,15.7,38,99,3.77,KZ,1683819251
402,utrik,11.2278,169.8474,27.4,80,98,8.14,MH,1683818901
403,linqiong,30.4159,103.4609,18.9,57,100,3.8,CN,1683819251
404,jalai nur,49.45,117.7,10.26,83,100,4.17,CN,1683819252
405,yaren,-0.5472,166.916,28.25,77,80,4.92,NR,1683819252
406,palangkaraya,-2.2,113.8333,26.04,87,67,1.39,ID,1683819252
407,zeya,53.75,127.2667,10.95,52,100,2.23,RU,1683818819
408,yanchep,-31.55,115.6833,12.38,54,0,3.51,AU,1683819253
409,yeed,4.55,43.0333,30.93,40,96,4.46,SO,1683819253
410,port shepstone,-30.7414,30.455,22.9,71,0,2.52,ZA,1683818732
411,salekhard,66.53,66.6019,-8.61,97,70,1.58,RU,1683819111
412,bluefields,12.0137,-83.7635,31.04,79,40,4.12,NI,1683819009
413,redencao,-4.2258,-38.7306,28.96,69,93,1.28,BR,1683819254
414,codrington,-38.2667,141.9667,10.45,71,100,3.74,AU,1683818760
415,jinchang,38.4953,102.1739,15.33,21,90,4.4,CN,1683819254
416,mukalla,14.5425,49.1242,29.46,70,65,2.81,YE,1683819255
417,goderich,43.7501,-81.7165,14.95,67,65,2.57,CA,1683819255
418,plastun,44.7561,136.2939,6.36,90,73,2.12,RU,1683819255
419,sedalia,38.7045,-93.2283,19.71,94,100,4.12,US,1683819004
420,adrar,20.5022,-10.0711,40.06,6,52,6.91,MR,1683819256
421,mazsalaca,57.8633,25.0547,17.2,44,86,2.97,LV,1683819256
422,buka,40.8108,69.1986,26.13,28,100,3.31,UZ,1683819256
423,laguna,38.421,-121.4238,15.05,81,0,2.57,US,1683818823
424,balabac,7.9868,117.0645,28.27,79,100,3.26,PH,1683818820
425,plouzane,48.3833,-4.6167,16.03,72,75,6.69,FR,1683819257
426,naples,40.8333,14.25,20.08,62,40,6.17,IT,1683819216
427,sakaiminato,35.55,133.2333,13.99,72,20,6.17,JP,1683819257
428,port macquarie,-31.4333,152.9167,11.05,92,16,1.97,AU,1683819134
429,howrah,22.5892,88.3103,31.0,74,40,6.17,IN,1683818814
430,anna regina,7.2644,-58.5077,28.73,67,79,3.77,GY,1683819258
431,gounou gaya,9.6294,15.5132,38.81,19,85,0.26,TD,1683819258
432,kununurra,-15.7667,128.7333,19.99,34,6,3.6,AU,1683818794
433,sale,34.0389,-6.8166,25.91,68,47,4.63,MA,1683819259
434,kirakira,-10.4544,161.9205,26.34,88,90,3.54,SB,1683819259
435,alice springs,-23.7,133.8833,5.75,65,0,3.23,AU,1683818844
436,fort-shevchenko,44.5086,50.263,15.74,84,66,8.62,KZ,1683819259
437,lonar,19.9833,76.5333,35.37,12,18,2.87,IN,1683819260
438,labuan bajo,-8.4964,119.8877,24.17,86,61,2.77,ID,1683819260
439,lishui,28.4604,119.9103,16.85,91,100,0.8,CN,1683819260
440,mataram,-8.5833,116.1167,27.45,87,80,4.56,ID,1683819260
441,kutum,14.2,24.6667,30.7,27,90,6.14,SD,1683819261
442,smidovich,48.6,133.8167,9.54,61,22,1.35,RU,1683819261
443,sutherlin,43.3901,-123.3126,12.26,63,100,1.54,US,1683819261
444,vilyuysk,63.7553,121.6247,-2.11,71,84,0.9,RU,1683819261
445,murtajapur,20.7333,77.3833,37.75,11,36,2.61,IN,1683819262
446,ola,59.5833,151.2833,0.07,90,14,1.13,RU,1683818909
447,usakos,-22.0,15.6,28.23,20,95,6.81,NA,1683819262
448,puerto armuelles,8.2833,-82.8667,30.99,72,7,2.25,PA,1683819262
449,wynyard,-41.0,145.7167,9.99,80,89,0.71,AU,1683819262
450,villa gesell,-37.2639,-56.973,15.03,60,76,2.43,AR,1683819263
451,santa ana,33.7456,-117.8678,16.5,77,100,2.06,US,1683819125
452,happy valley-goose bay,53.3168,-60.3315,8.17,27,40,5.66,CA,1683818902
453,lihue,21.9789,-159.3672,22.77,89,75,4.63,US,1683818793
454,yulinshi,38.2906,109.7494,15.97,31,30,2.38,CN,1683819264
455,prince rupert,54.3161,-130.3201,10.05,72,100,4.63,CA,1683818849
456,vom,9.7333,8.7833,27.96,44,88,4.08,NG,1683819264
457,pacific grove,36.6177,-121.9166,13.27,82,75,5.36,US,1683819264
458,negara,-8.3151,114.6025,25.36,93,90,3.76,ID,1683819264
459,caorle,45.5966,12.8758,14.63,87,100,6.67,IT,1683819265
460,kendari,-3.945,122.4989,24.75,94,53,1.3,ID,1683818877
461,kolonia town,6.964,158.206,28.54,81,45,4.86,FM,1683819265
462,batticaloa,7.7102,81.6924,27.49,81,100,2.03,LK,1683819265
463,las palmas,28.4204,-14.0131,21.44,68,20,9.26,ES,1683819266
464,livingston,55.9029,-3.5226,15.75,66,20,5.14,GB,1683819266
465,dwarka,22.2394,68.9678,30.04,60,0,5.87,IN,1683818882
466,bowling green,36.9903,-86.4436,22.41,84,100,1.54,US,1683819266
467,la foa,-21.7108,165.8276,21.68,73,100,3.34,NC,1683819267
468,norilsk,69.3535,88.2027,-14.21,95,43,4.46,RU,1683819267
469,fortaleza,-3.7227,-38.5247,31.07,66,20,5.66,BR,1683819267
470,nikolayevsk-on-amure,53.1406,140.73,-1.14,95,8,1.21,RU,1683819268
471,cobram,-35.9167,145.65,8.78,77,1,2.6,AU,1683819268
472,antigonish,45.6169,-61.9986,15.64,47,29,0.89,CA,1683818673
473,berdigestyakh,62.0989,126.6992,-2.51,70,100,1.93,RU,1683819268
474,shengli,37.4564,118.4856,21.85,29,100,2.12,CN,1683819269
475,namtsy,62.7161,129.6658,-2.61,59,100,4.25,RU,1683819269
476,pariaman,-0.619,100.12,28.03,88,100,1.27,ID,1683818594
477,tago,9.0211,126.2317,25.49,86,100,1.71,PH,1683819269
478,kyzylorda,44.8528,65.5092,30.01,19,40,4.0,KZ,1683819270
479,taulaga,-11.0553,-171.0883,28.58,70,35,7.27,AS,1683819270
480,jindabyne,-36.4167,148.6333,3.48,74,4,2.15,AU,1683819270
481,tvoroyri,61.5556,-6.8111,9.65,85,12,4.25,FO,1683819270
482,waingapu,-9.6567,120.2641,24.88,83,99,5.54,ID,1683818890
483,gillette,44.2911,-105.5022,10.02,97,100,4.63,US,1683819271
484,dzhetygara,52.1908,61.2006,11.63,50,86,3.63,KZ,1683819271
485,marinette,45.1,-87.6307,23.03,40,0,4.63,US,1683819272
486,nkove,-7.95,30.85,23.41,75,95,0.99,TZ,1683819272
487,tuy hoa,13.0833,109.3,26.34,90,100,1.81,VN,1683819272
488,namsos,64.4662,11.4957,13.95,62,0,4.63,NO,1683819099
489,raja,8.4596,25.678,33.73,27,83,2.19,SS,1683819273
490,gwadar,25.1216,62.3254,29.23,73,0,5.13,PK,1683819273
491,nyurba,63.2842,118.3319,-1.63,68,8,1.2,RU,1683818852
492,urmary,55.6789,47.944,11.79,67,81,3.3,RU,1683819273
493,barakani,-12.1356,44.4317,26.87,72,11,1.44,KM,1683819274
494,cobija,-11.0267,-68.7692,28.1,69,75,5.14,BO,1683819274
495,rio grande,-32.035,-52.0986,15.06,67,52,6.35,BR,1683818851
496,lazaro cardenas,17.9583,-102.2,30.1,59,85,2.04,MX,1683819151
497,kiruna,67.8557,20.2251,8.51,66,0,4.12,SE,1683819274
498,santiago del estero,-27.7951,-64.2615,22.73,42,26,2.36,AR,1683819275
499,oranjemund,-28.55,16.4333,15.01,82,100,6.32,NA,1683819275
500,la passe,45.5549,-0.8967,15.55,59,19,6.82,FR,1683818846
501,tucurui,-3.7661,-49.6725,32.11,57,95,0.9,BR,1683819275
502,tsiombe,-25.3,45.4833,24.42,77,87,2.61,MG,1683818836
503,hasaki,35.7333,140.8333,14.01,50,80,2.86,JP,1683818915
504,lebu,-37.6167,-73.65,15.16,78,56,2.84,CL,1683818783
505,la'ie,21.6477,-157.9253,21.73,87,42,0.89,US,1683818664
506,acapulco de juarez,16.8634,-99.8901,29.9,66,0,1.54,MX,1683818842
507,kone,-21.0595,164.8658,21.8,80,100,2.12,NC,1683818829
508,manokwari,-0.8667,134.0833,24.83,92,100,2.65,ID,1683818808
509,szczytno,53.5626,20.9875,17.96,24,0,5.14,PL,1683819277
510,emerald,-23.5333,148.1667,14.08,88,5,3.65,AU,1683819278
511,ban houakhoua,20.2453,100.4547,23.56,93,39,0.29,LA,1683819278
512,oriximina,-1.7656,-55.8661,26.64,84,100,1.3,BR,1683819278
513,las tablas,7.7667,-80.2833,32.32,99,47,3.56,PA,1683819278
514,luanco,43.6152,-5.7934,15.57,77,39,5.45,ES,1683819272
515,kalabo,-14.97,22.6814,28.57,27,5,0.61,ZM,1683818788
516,sona,45.4388,10.8255,16.75,84,75,1.54,IT,1683819030
517,malvan,16.0667,73.4667,29.18,80,69,3.17,IN,1683819279
518,madalena,41.2162,-8.3345,23.2,41,0,4.85,PT,1683818901
519,west kirby,53.373,-3.1842,15.1,81,91,1.34,GB,1683819279
520,krasnokamensk,50.0979,118.0369,13.01,60,100,0.47,RU,1683819280
521,afaahiti,-17.75,-149.2833,24.93,94,100,11.93,PF,1683818830
522,mora,11.0461,14.1401,38.93,14,19,4.15,CM,1683819280
523,fehmarn,54.4378,11.1935,15.55,79,98,6.34,DE,1683819280
524,chernyshevskiy,63.0128,112.4714,-4.93,89,19,2.39,RU,1683819281
525,lerwick,60.1545,-1.1494,10.0,81,10,5.1,GB,1683818799
526,al hawatah,13.4167,34.6333,39.57,7,5,5.07,SD,1683819281
527,arivonimamo,-19.0167,47.1833,16.03,85,100,2.65,MG,1683819281
528,komsomol'skiy,43.9783,46.6985,12.45,70,91,3.68,RU,1683819281
529,mata-utu,-13.2816,-176.1745,28.45,75,96,7.78,WF,1683818616
530,lewiston orchards,46.3804,-116.9754,16.82,68,0,2.06,US,1683819282
531,east london,-33.0153,27.9116,19.52,77,0,6.69,ZA,1683818908
532,williston,48.147,-103.618,19.46,59,96,1.34,US,1683819121
533,iskushuban,10.2837,50.23,30.36,57,100,9.0,SO,1683819282
534,baardheere,2.3446,42.2764,29.96,54,80,7.77,SO,1683819283
535,vila franca do campo,37.7167,-25.4333,18.23,80,80,2.86,PT,1683818794
536,cefalu,38.0386,14.0229,21.99,74,7,2.68,IT,1683819283
537,khawr fakkan,25.3313,56.342,31.03,37,44,1.83,AE,1683819283
538,novaya igirma,57.1334,103.9112,2.43,56,79,1.91,RU,1683819284
539,campana,-34.1687,-58.9591,18.4,57,7,1.73,AR,1683819284
540,matamey,13.4231,8.4749,38.97,17,100,2.15,NE,1683819284
541,palmas,-10.2128,-48.3603,29.93,66,75,3.09,BR,1683819284
542,norton,-17.8833,30.7,21.27,45,74,2.71,ZW,1683819285
543,mugia,43.1041,-9.2179,19.95,65,1,7.25,ES,1683819285
544,luderitz,-26.6481,15.1594,17.98,66,100,9.25,NA,1683819285
545,troitsko-pechorsk,62.7084,56.1964,5.96,54,36,1.3,RU,1683819285
546,lospalos,-8.5186,127.0025,21.49,84,76,3.77,TL,1683819286
547,siracusa,37.0881,15.2792,20.73,65,2,4.13,IT,1683819286
548,hilo,19.7297,-155.09,24.6,87,75,2.57,US,1683819286
549,geraldton,-28.7667,114.6,14.23,54,2,4.63,AU,1683818838
550,asau,46.4333,26.4,14.6,64,88,3.03,RO,1683819286
551,ambovombe,-25.1667,46.0833,24.79,69,91,3.78,MG,1683818795
552,balkashino,52.5167,68.7667,11.13,62,74,6.04,KZ,1683819287
553,lesnoy,57.6198,63.0784,6.08,52,33,1.45,RU,1683819201
554,standerton,-26.9337,29.2415,14.87,32,0,2.3,ZA,1683819287
555,maroua,10.591,14.3159,39.55,11,24,3.86,CM,1683819288
556,itoman,26.1247,127.6694,21.01,64,8,1.54,JP,1683819288
557,copiapo,-27.3667,-70.3333,11.83,33,88,2.56,CL,1683819288
558,floriano,-6.7669,-43.0225,35.27,38,50,2.52,BR,1683819288
559,shizuishan,39.2333,106.7694,17.91,19,14,2.61,CN,1683818911
560,smirnykh,49.75,142.8333,2.11,87,96,1.62,RU,1683819289
561,dalbandin,28.8947,64.4101,34.97,7,90,3.12,PK,1683819289
562,panacan,9.2463,118.4082,27.57,85,98,2.75,PH,1683818877
563,isiolo,0.3546,37.5822,21.48,73,100,5.98,KE,1683819290
564,ibshaway,29.358,30.6814,32.87,15,12,8.79,EG,1683819290
565,gamba,-2.65,10.0,27.94,78,62,3.96,GA,1683819290
566,kapoeta,4.7717,33.5903,29.98,41,22,4.81,SS,1683819290
567,kamloops,50.6665,-120.3192,12.08,76,75,1.03,CA,1683819001
568,road town,18.4167,-64.6167,30.02,66,20,6.17,VG,1683818777
569,union,40.6334,-74.2663,25.84,34,0,4.12,US,1683819291
570,george town,5.4112,100.3354,31.97,80,20,1.54,MY,1683819291
571,zheleznodorozhnyy,55.7503,38.0042,18.02,60,67,3.36,RU,1683819291
572,turpan,42.9333,89.1667,28.75,9,58,1.59,CN,1683818892
573,comodoro rivadavia,-45.8667,-67.5,18.92,42,0,6.69,AR,1683819292
574,inhambane,-23.865,35.3833,24.99,73,40,4.12,MZ,1683819132
575,sebastopol,44.6,33.5333,13.89,47,37,0.89,UA,1683819292
576,marsh harbour,26.5412,-77.0636,25.51,67,4,5.75,BS,1683819292
577,saint-pierre,-21.3393,55.4781,25.82,69,0,6.69,RE,1683819293
578,neryungri,56.6709,124.6491,-0.19,97,100,3.67,RU,1683819293
579,shingu,33.7333,135.9833,13.18,56,100,2.74,JP,1683818867
580,mana,5.6592,-53.7767,25.93,87,95,1.17,GF,1683819293
581,koungou,-12.7336,45.2042,28.84,70,20,2.06,YT,1683819294
582,yerofey pavlovich,53.9667,121.9667,9.69,78,100,0.43,RU,1683819294
583,howard springs,-12.497,131.047,21.04,55,34,3.34,AU,1683818511
584,pereira barreto,-20.6383,-51.1092,28.03,52,65,3.38,BR,1683819294
585,nadym,65.5333,72.5167,-6.88,83,61,3.65,RU,1683818814
